Season,Rank,Player,Age,Team,Position,Games,GamesStarted,MinutesPlayed,FieldGoalsMade,FieldGoalsAttempted,FieldGoalPercentage,FreeThrowsMade,FreeThrowsAttempted,FreeThrowPercentage,TotalRebounds,Assists,PersonalFouls,Points,Awards
1972-73,1.0,Tiny Archibald,24.0,KCO,PG,80.0,,46.0,12.9,26.3,0.488,8.3,9.8,0.847,2.8,11.4,2.6,34.0,"MVP-3,AS,NBA1"
1972-73,2.0,Kareem Abdul-Jabbar,25.0,MIL,C,76.0,,42.8,12.9,23.3,0.554,4.3,6.1,0.713,16.1,5.0,2.7,30.2,"MVP-2,AS,NBA1"
1972-73,3.0,Spencer Haywood,23.0,SEA,PF,77.0,,42.3,11.5,24.3,0.476,6.1,7.3,0.839,12.9,2.5,2.8,29.2,"MVP-7,AS,NBA1"
1972-73,4.0,Lou Hudson,28.0,ATL,SF,75.0,,40.4,10.9,22.8,0.477,5.3,6.4,0.825,6.2,3.4,2.6,27.1,"MVP-18,AS"
1972-73,5.0,Pete Maravich,25.0,ATL,SG,79.0,,39.1,10.0,22.6,0.441,6.1,7.7,0.8,4.4,6.9,3.1,26.1,"MVP-19,AS,NBA2"
1972-73,6.0,Charlie Scott,24.0,PHO,PG,81.0,,37.8,10.0,22.3,0.446,5.4,6.9,0.784,4.2,6.1,3.8,25.3,AS
1972-73,7.0,Geoff Petrie,24.0,POR,SG,79.0,,39.7,10.6,22.8,0.464,3.8,4.8,0.778,3.5,4.4,2.1,24.9,
1972-73,8.0,Gail Goodrich,29.0,LAL,SG,76.0,,35.5,9.9,21.3,0.464,4.1,4.9,0.84,3.5,4.4,2.5,23.9,AS
1972-73,9.0,John Havlicek,32.0,BOS,SF,80.0,,42.1,9.6,21.3,0.45,4.6,5.4,0.858,7.1,6.6,2.4,23.8,"MVP-5,AS,NBA1"
1972-73,10.0,Bob Lanier,24.0,DET,C,81.0,,38.9,10.0,20.4,0.49,3.8,4.9,0.773,14.9,3.2,3.4,23.8,"MVP-14,AS"
1972-73,11.0,Sidney Wicks,23.0,POR,PF,80.0,,39.4,9.5,21.1,0.452,4.8,6.6,0.723,10.9,5.5,3.2,23.8,"MVP-16,AS"
1972-73,12.0,Bob Love,30.0,CHI,PF,82.0,75.0,37.0,9.4,21.9,0.431,4.2,5.1,0.824,6.5,1.5,2.9,23.1,"MVP-11,AS"
1972-73,13.0,Jerry West,34.0,LAL,PG,69.0,,35.7,9.0,18.7,0.479,4.9,6.1,0.805,4.2,8.8,2.0,22.8,"MVP-6,AS,NBA1"
1972-73,14.0,Dave Bing,29.0,DET,PG,82.0,,41.0,8.4,18.8,0.448,5.6,6.8,0.814,3.6,7.8,2.8,22.4,"MVP-19,AS"
1972-73,15.0,Rick Barry,28.0,GSW,SF,82.0,,37.5,9.0,19.9,0.452,4.4,4.8,0.902,8.9,4.9,3.0,22.3,"MVP-19,AS,NBA2"
1972-73,16.0,Elvin Hayes,27.0,BAL,PF,81.0,,41.3,8.8,19.8,0.444,3.6,5.4,0.671,14.5,1.6,2.9,21.2,"MVP-10,AS,NBA2"
1972-73,17.0,Walt Frazier,27.0,NYK,PG,78.0,78.0,40.8,8.7,17.8,0.49,3.7,4.5,0.817,7.3,5.9,2.4,21.1,"MVP-7,AS,NBA2"
1972-73,18.0,Austin Carr,24.0,CLE,SG,82.0,,37.8,8.6,19.2,0.446,3.4,4.2,0.822,4.5,3.4,2.3,20.5,
1972-73,19.0,Dave Cowens,24.0,BOS,C,82.0,,41.8,9.0,20.0,0.452,2.5,3.2,0.779,16.2,4.1,3.8,20.5,"MVP-1,AS,NBA2"
1972-73,20.0,Lenny Wilkens,35.0,CLE,PG,75.0,,39.6,7.6,17.0,0.449,5.3,6.3,0.828,4.6,8.4,2.9,20.5,"MVP-16,AS"
1972-73,21.0,Bob Dandridge,25.0,MIL,SF,73.0,,39.1,8.7,18.5,0.472,2.7,3.4,0.789,8.2,2.8,3.8,20.2,AS
1972-73,22.0,Neal Walk,24.0,PHO,C,81.0,,38.4,8.4,18.0,0.466,3.4,4.4,0.786,12.4,3.5,4.0,20.2,
1972-73,23.0,Fred Carter,27.0,PHI,SG,81.0,74.0,37.0,8.4,19.9,0.421,3.2,4.5,0.704,6.0,4.3,3.1,20.0,
1972-73,24.0,Chet Walker,32.0,CHI,SF,79.0,79.0,31.1,7.6,15.8,0.478,4.8,5.7,0.832,5.0,2.3,2.1,19.9,AS
1972-73,25.0,Phil Chenier,22.0,BAL,SG,71.0,,39.1,8.5,18.8,0.452,2.7,3.4,0.795,4.1,4.2,2.3,19.7,
1972-73,26.0,Jo Jo White,26.0,BOS,PG,82.0,,39.6,8.7,20.3,0.431,2.2,2.8,0.781,5.0,6.1,2.3,19.7,AS
1972-73,27.0,Rudy Tomjanovich,24.0,HOU,PF,81.0,,36.7,8.1,16.9,0.478,3.1,4.1,0.746,11.6,2.2,2.8,19.3,
1972-73,28.0,Jim McMillian,24.0,LAL,SF,81.0,,36.5,8.1,17.7,0.458,2.8,3.3,0.845,5.5,2.7,2.2,18.9,
1972-73,29.0,Jack Marin,28.0,HOU,SF,81.0,,37.3,7.7,16.5,0.468,3.1,3.6,0.849,6.2,3.6,3.0,18.5,AS
1972-73,30.0,Dick Van Arsdale,29.0,PHO,SG,81.0,,36.8,6.6,13.8,0.476,5.3,6.1,0.859,4.0,3.3,2.7,18.4,
1972-73,31.0,Archie Clark,31.0,BAL,PG,39.0,,37.9,7.7,15.3,0.507,2.8,3.5,0.81,3.3,7.1,2.8,18.3,
1972-73,32.0,Elmore Smith,23.0,BUF,C,76.0,,37.2,7.9,16.4,0.482,2.5,4.4,0.558,12.4,2.5,3.9,18.3,MVP-13
1972-73,33.0,Mike Riordan,27.0,BAL,SF,82.0,,42.3,8.0,15.6,0.51,2.2,2.7,0.821,4.9,5.2,2.6,18.1,
1972-73,34.0,Bob McAdoo,21.0,BUF,PF,80.0,,32.0,7.3,16.2,0.452,3.4,4.4,0.774,9.1,1.7,3.2,18.0,ROY-1
1972-73,35.0,Jimmy Walker,28.0,HOU,PG,81.0,,38.0,7.5,16.1,0.465,3.0,3.4,0.884,3.3,5.5,2.6,18.0,
1972-73,36.0,Jeff Mullins,30.0,GSW,SG,81.0,,37.1,8.0,16.3,0.493,1.8,2.1,0.831,4.5,4.2,2.5,17.8,
1972-73,37.0,Bob Kauffman,26.0,BUF,SF,77.0,,39.6,6.9,13.8,0.505,3.6,4.7,0.78,11.1,5.1,2.7,17.5,AS
1972-73,38.0,Nate Thurmond,31.0,GSW,C,79.0,,43.3,6.5,14.7,0.446,4.0,5.6,0.718,17.1,3.5,3.0,17.1,"MVP-9,AS"
1972-73,39.0,Mike Newlin,24.0,HOU,SG,82.0,,32.4,6.5,14.7,0.443,4.0,4.5,0.886,4.1,5.0,3.7,17.0,
1972-73,40.0,Dave DeBusschere,32.0,NYK,PF,77.0,77.0,36.7,6.9,15.9,0.435,2.5,3.4,0.746,10.2,3.4,2.8,16.3,"MVP-11,AS"
1972-73,41.0,Happy Hairston,30.0,LAL,PF,28.0,,33.5,5.6,11.7,0.482,5.0,6.4,0.787,13.2,2.4,2.8,16.3,
1972-73,42.0,Walt Bellamy,33.0,ATL,C,74.0,,37.9,6.1,12.2,0.505,3.8,7.1,0.538,13.0,2.4,3.3,16.1,
1972-73,43.0,Bill Bradley,29.0,NYK,SF,82.0,82.0,36.6,7.0,15.3,0.459,2.1,2.4,0.871,3.7,4.5,3.3,16.1,AS
1972-73,44.0,Connie Hawkins,30.0,PHO,SF,75.0,,36.9,5.9,12.3,0.479,4.3,5.4,0.797,8.5,4.1,3.1,16.1,AS
1972-73,45.0,Curtis Rowe,23.0,DET,PF,81.0,,37.1,6.8,13.0,0.519,2.6,4.0,0.642,9.4,2.1,2.4,16.1,
1972-73,46.0,Cazzie Russell,28.0,GSW,SF,80.0,,30.4,6.8,14.8,0.458,2.2,2.5,0.864,4.4,2.3,2.1,15.7,
1972-73,47.0,Lucius Allen,25.0,MIL,PG,80.0,,33.7,6.8,14.1,0.484,1.8,2.5,0.715,3.5,5.3,2.4,15.5,MVP-19
1972-73,48.0,Earl Monroe,28.0,NYK,SG,75.0,74.0,31.6,6.6,13.5,0.488,2.3,2.8,0.822,3.3,3.8,2.6,15.5,
1972-73,49.0,Oscar Robertson,34.0,MIL,PG,73.0,,37.5,6.1,13.5,0.454,3.3,3.8,0.847,4.9,7.5,2.3,15.5,
1972-73,50.0,John Block,28.0,2TM,PF,73.0,48.0,28.0,5.4,12.1,0.441,4.1,5.2,0.794,7.7,1.5,3.3,14.8,AS
1972-73,50.0,John Block,28.0,PHI,PF,48.0,48.0,32.5,6.5,14.7,0.441,4.9,6.3,0.781,9.2,2.0,3.6,17.9,
1972-73,50.0,John Block,28.0,KCO,PF,25.0,,19.3,3.2,7.2,0.444,2.6,3.0,0.842,4.8,0.8,2.8,9.0,
1972-73,51.0,Randy Smith,24.0,BUF,SG,82.0,,31.7,6.2,14.1,0.443,2.3,3.2,0.727,4.8,5.1,3.0,14.8,
1972-73,52.0,Tom Van Arsdale,29.0,2TM,SF,79.0,30.0,29.3,5.6,13.2,0.427,3.2,3.9,0.812,4.5,1.9,2.8,14.4,
1972-73,52.0,Tom Van Arsdale,29.0,KCO,SF,49.0,,26.2,5.1,11.2,0.457,2.2,2.9,0.786,3.5,1.8,2.5,12.4,
1972-73,52.0,Tom Van Arsdale,29.0,PHI,SF,30.0,30.0,34.3,6.5,16.5,0.393,4.7,5.6,0.833,6.2,2.1,3.4,17.7,
1972-73,53.0,John Johnson,25.0,CLE,SF,82.0,,34.3,6.0,13.9,0.43,2.4,3.3,0.734,6.7,3.8,3.0,14.4,
1972-73,54.0,Herm Gilliam,26.0,ATL,PG,76.0,,36.1,6.2,13.3,0.468,1.6,2.0,0.82,5.3,6.3,3.4,14.0,
1972-73,55.0,Kevin Loughery,32.0,PHI,SG,32.0,21.0,29.8,5.3,13.3,0.396,3.3,4.1,0.823,3.5,4.6,3.3,13.9,
1972-73,56.0,Norm Van Lier,25.0,CHI,PG,80.0,79.0,36.0,5.9,13.3,0.445,2.1,2.6,0.787,5.5,7.1,3.4,13.9,
1972-73,57.0,Dick Snyder,28.0,SEA,SG,82.0,,37.3,5.8,12.5,0.463,2.3,2.6,0.861,3.9,3.8,2.6,13.8,
1972-73,58.0,Fred Brown,24.0,SEA,SG,79.0,,29.4,6.0,13.1,0.455,1.5,1.9,0.818,4.0,5.5,2.9,13.5,
1972-73,59.0,Sam Lacey,24.0,KCO,C,79.0,,37.1,6.0,12.6,0.474,1.6,2.3,0.708,11.8,2.4,3.6,13.5,
1972-73,60.0,Lloyd Neal,22.0,POR,C,82.0,,33.2,5.5,11.2,0.494,2.3,3.6,0.638,11.8,1.8,3.7,13.4,ROY-2
1972-73,61.0,Paul Silas,29.0,BOS,PF,80.0,,32.7,5.0,10.6,0.47,3.3,4.8,0.7,13.0,3.1,2.5,13.3,
1972-73,62.0,Wilt Chamberlain,36.0,LAL,C,82.0,,43.2,5.2,7.1,0.727,2.8,5.5,0.51,18.6,4.5,2.3,13.2,"MVP-4,AS"
1972-73,63.0,Don Chaney,26.0,BOS,SG,79.0,,31.5,5.2,10.9,0.482,2.7,3.4,0.787,5.7,2.8,3.5,13.1,
1972-73,64.0,Calvin Murphy,24.0,HOU,PG,77.0,,22.0,4.9,10.6,0.465,3.1,3.5,0.888,1.9,3.4,2.7,13.0,
1972-73,65.0,John Brisker,25.0,SEA,SF,70.0,,23.3,5.0,11.6,0.435,2.8,3.4,0.822,4.6,2.1,2.4,12.8,
1972-73,66.0,Rick Roberson,25.0,CLE,C,62.0,,34.3,5.0,11.4,0.433,2.7,4.7,0.576,11.2,2.2,4.0,12.6,
1972-73,67.0,Wes Unseld,26.0,BAL,C,79.0,,39.1,5.3,10.8,0.493,1.9,2.7,0.703,15.9,4.4,2.1,12.5,"MVP-14,AS"
1972-73,68.0,Leroy Ellis,32.0,2TM,C,79.0,69.0,32.9,5.3,12.3,0.434,1.6,2.0,0.801,9.8,1.8,2.5,12.3,
1972-73,68.0,Leroy Ellis,32.0,LAL,C,10.0,,15.6,1.1,4.0,0.275,0.4,0.5,0.8,3.3,0.3,1.3,2.6,
1972-73,68.0,Leroy Ellis,32.0,PHI,PF,69.0,69.0,35.4,5.9,13.5,0.441,1.8,2.3,0.801,10.8,2.0,2.7,13.7,
1972-73,69.0,Jim Barnett,28.0,GSW,PG,82.0,,27.0,4.8,10.3,0.467,2.2,2.6,0.843,3.1,3.7,1.8,11.8,
1972-73,70.0,Nate Williams,22.0,KCO,SG,80.0,,24.7,5.2,10.9,0.477,1.3,1.7,0.797,4.2,1.6,3.4,11.8,
1972-73,71.0,Otto Moore,26.0,HOU,C,82.0,,33.1,5.1,10.5,0.487,1.5,2.6,0.602,10.6,2.0,2.9,11.7,
1972-73,72.0,Jim Fox,29.0,SEA,C,74.0,,33.0,4.3,8.3,0.515,2.9,3.6,0.808,11.2,2.4,3.2,11.4,
1972-73,73.0,George Trapp,24.0,ATL,PF,77.0,,24.1,4.7,10.7,0.436,1.9,2.5,0.773,5.9,1.6,3.6,11.3,
1972-73,74.0,Manny Leaks,27.0,PHI,C,82.0,63.0,30.9,4.6,11.4,0.404,1.8,2.4,0.72,8.3,1.2,2.3,11.0,
1972-73,75.0,Willis Reed,30.0,NYK,C,69.0,44.0,27.2,4.8,10.2,0.474,1.3,1.8,0.742,8.6,1.8,3.0,11.0,
1972-73,76.0,Don Nelson,32.0,BOS,SF,72.0,,19.8,4.3,9.0,0.476,2.2,2.6,0.846,4.4,1.4,2.2,10.8,
1972-73,77.0,Freddie Boyd,22.0,PHI,PG,82.0,50.0,28.7,4.4,11.3,0.392,1.7,2.4,0.68,2.6,3.7,2.2,10.5,
1972-73,78.0,Clem Haskins,29.0,PHO,SG,77.0,,20.5,4.4,9.5,0.464,1.7,2.0,0.833,2.2,2.6,1.9,10.5,
1972-73,79.0,Jim Washington,29.0,ATL,PF,75.0,,37.8,4.1,9.5,0.432,2.2,3.0,0.728,10.7,2.3,3.4,10.4,
1972-73,80.0,Bill Bridges,33.0,2TM,PF,82.0,10.0,35.0,4.1,8.8,0.461,2.2,3.1,0.702,11.0,2.7,3.6,10.3,
1972-73,80.0,Bill Bridges,33.0,PHI,PF,10.0,10.0,37.6,4.7,12.5,0.376,4.6,6.5,0.708,12.2,2.3,3.5,14.0,
1972-73,80.0,Bill Bridges,33.0,LAL,PF,72.0,,34.6,4.0,8.3,0.479,1.8,2.6,0.7,10.9,2.7,3.6,9.8,
1972-73,81.0,Gar Heard,24.0,2TM,PF,81.0,9.0,19.2,4.3,10.2,0.425,1.4,2.2,0.652,5.6,0.7,2.1,10.1,
1972-73,81.0,Gar Heard,24.0,SEA,PF,3.0,,5.7,1.3,3.0,0.444,0.3,0.3,1.0,2.0,0.7,1.3,3.0,
1972-73,81.0,Gar Heard,24.0,CHI,PF,78.0,9.0,19.7,4.4,10.4,0.425,1.5,2.3,0.65,5.7,0.7,2.1,10.3,
1972-73,82.0,Jerry Sloan,30.0,CHI,SG,69.0,66.0,35.0,4.4,10.6,0.411,1.4,1.9,0.707,6.9,2.2,3.4,10.1,
1972-73,83.0,Dick Garrett,26.0,BUF,SG,78.0,,23.1,4.4,10.4,0.419,1.2,1.4,0.873,2.7,2.8,2.8,10.0,
1972-73,84.0,Ollie Johnson,23.0,POR,SF,78.0,,27.4,3.9,7.9,0.497,2.0,2.6,0.757,5.3,2.6,2.1,9.9,
1972-73,85.0,Jerry Lucas,32.0,NYK,PF,71.0,38.0,28.2,4.4,8.6,0.513,1.1,1.4,0.8,7.2,4.5,2.2,9.9,
1972-73,86.0,John Trapp,27.0,2TM,SF,44.0,11.0,20.2,3.9,9.5,0.407,2.0,2.8,0.738,4.5,1.1,3.4,9.8,
1972-73,86.0,John Trapp,27.0,LAL,SF,5.0,,7.0,0.6,2.4,0.25,1.4,2.0,0.7,2.8,0.4,2.0,2.6,
1972-73,86.0,John Trapp,27.0,PHI,SF,39.0,11.0,21.9,4.3,10.5,0.412,2.1,2.9,0.741,4.8,1.2,3.6,10.7,
1972-73,87.0,John Mengelt,23.0,2TM,SG,79.0,,20.8,4.1,8.2,0.492,1.6,2.0,0.794,2.3,1.9,1.9,9.7,
1972-73,87.0,John Mengelt,23.0,KCO,SG,12.0,,17.7,2.2,5.7,0.382,0.9,1.6,0.579,1.8,2.1,2.0,5.3,
1972-73,87.0,John Mengelt,23.0,DET,SG,67.0,,21.4,4.4,8.7,0.504,1.7,2.1,0.823,2.4,1.9,1.9,10.5,
1972-73,88.0,Stu Lantz,26.0,DET,SG,51.0,,31.4,3.6,8.9,0.407,2.4,2.9,0.8,3.4,2.7,2.3,9.6,
1972-73,89.0,Jon McGlocklin,29.0,MIL,SG,80.0,,24.4,4.4,8.7,0.502,0.8,0.9,0.863,2.0,3.0,1.5,9.6,
1972-73,90.0,Mike Davis,26.0,BAL,SG,13.0,,21.8,3.8,9.1,0.424,1.8,1.9,0.92,2.7,1.5,3.5,9.5,
1972-73,91.0,Dwight Davis,23.0,CLE,PF,81.0,,26.6,3.6,9.2,0.392,2.2,2.7,0.793,7.0,1.5,3.7,9.4,
1972-73,92.0,Don Adams,25.0,2TM,SF,74.0,,25.3,3.6,9.2,0.391,2.0,2.5,0.788,6.0,1.6,3.1,9.1,
1972-73,92.0,Don Adams,25.0,ATL,SF,4.0,,19.0,2.0,9.5,0.211,1.8,2.0,0.875,5.5,1.3,2.8,5.8,
1972-73,92.0,Don Adams,25.0,DET,SF,70.0,,25.7,3.7,9.1,0.402,2.0,2.5,0.784,6.0,1.6,3.1,9.3,
1972-73,93.0,Matt Guokas,28.0,KCO,SG,79.0,,36.0,4.1,7.2,0.57,0.9,1.1,0.822,3.1,5.1,2.4,9.1,
1972-73,94.0,Curtis Perry,24.0,MIL,PF,67.0,,31.3,4.0,8.6,0.461,1.2,1.9,0.659,9.6,1.8,3.7,9.1,
1972-73,95.0,Keith Erickson,28.0,LAL,SF,76.0,,25.3,3.9,9.2,0.43,1.2,1.4,0.809,4.4,3.2,2.5,9.0,
1972-73,96.0,Charlie Davis,23.0,2TM,SG,75.0,,18.9,3.5,8.4,0.417,1.7,2.2,0.774,1.5,2.5,2.6,8.7,
1972-73,96.0,Charlie Davis,23.0,CLE,SG,6.0,,14.3,3.3,6.8,0.488,0.7,1.2,0.571,0.8,1.7,3.3,7.3,
1972-73,96.0,Charlie Davis,23.0,POR,SG,69.0,,19.3,3.5,8.6,0.412,1.8,2.3,0.783,1.6,2.5,2.5,8.9,
1972-73,97.0,Zaid Abdul-Aziz,26.0,HOU,C,48.0,,18.8,3.1,7.8,0.397,2.5,3.4,0.735,6.3,1.1,2.3,8.7,
1972-73,98.0,Fred Foster,26.0,DET,SF,63.0,,23.2,3.9,10.0,0.388,1.0,1.4,0.701,2.9,1.5,2.4,8.7,
1972-73,99.0,Bob Weiss,30.0,CHI,PG,82.0,19.0,25.4,3.4,8.0,0.426,1.9,2.3,0.841,1.8,3.6,1.8,8.7,
1972-73,100.0,Clifford Ray,24.0,CHI,C,73.0,50.0,27.5,3.5,7.1,0.492,1.6,2.6,0.619,10.9,3.7,3.2,8.6,
1972-73,101.0,Don Kojis,34.0,KCO,SF,77.0,,16.1,3.6,7.5,0.48,1.4,1.8,0.774,2.6,1.0,1.7,8.5,
1972-73,102.0,Rich Rinaldi,23.0,BAL,SG,33.0,,19.6,3.5,8.6,0.408,1.5,1.9,0.75,2.1,1.5,1.2,8.5,
1972-73,103.0,Ron Riley,22.0,KCO,PF,74.0,,22.1,3.7,8.6,0.431,1.1,1.6,0.681,6.9,1.0,3.1,8.4,
1972-73,104.0,Willie Norwood,25.0,DET,SF,79.0,,16.2,3.2,6.4,0.494,1.9,2.8,0.684,4.1,0.7,2.3,8.3,
1972-73,105.0,Bingo Smith,26.0,CLE,SG,73.0,,14.6,3.7,8.3,0.444,0.9,1.1,0.79,2.7,1.5,1.1,8.2,
1972-73,106.0,Phil Jackson,27.0,NYK,PF,80.0,4.0,17.4,3.1,6.9,0.443,1.9,2.4,0.79,4.3,1.2,2.7,8.1,
1972-73,107.0,John Hummer,24.0,BUF,PF,66.0,,23.4,3.1,7.0,0.444,1.7,3.1,0.561,4.9,2.1,2.8,8.0,
1972-73,108.0,Don May,27.0,2TM,SF,58.0,0.0,15.8,3.3,7.3,0.446,1.3,1.6,0.806,3.6,1.1,2.3,7.8,
1972-73,108.0,Don May,27.0,ATL,SF,32.0,,9.9,1.9,4.2,0.455,0.7,1.0,0.71,2.1,0.7,1.7,4.5,
1972-73,108.0,Don May,27.0,PHI,SF,26.0,0.0,23.2,4.9,11.2,0.441,2.0,2.4,0.855,5.5,1.7,3.1,11.9,
1972-73,109.0,Dave Wohl,23.0,2TM,PG,78.0,,24.8,3.3,7.3,0.447,1.3,1.7,0.774,1.4,4.2,2.9,7.8,
1972-73,109.0,Dave Wohl,23.0,POR,PG,22.0,,17.9,2.1,5.2,0.412,1.1,1.5,0.727,0.9,3.1,2.0,5.4,
1972-73,109.0,Dave Wohl,23.0,BUF,PG,56.0,,27.5,3.7,8.1,0.456,1.4,1.8,0.79,1.6,4.6,3.3,8.8,
1972-73,110.0,Gus Johnson,34.0,PHO,PF,21.0,,19.9,3.3,8.6,0.381,1.2,1.7,0.694,6.5,1.5,2.6,7.8,
1972-73,111.0,Cliff Meely,25.0,HOU,PF,82.0,,20.7,3.3,8.0,0.408,1.1,1.7,0.672,6.0,1.1,3.2,7.7,
1972-73,112.0,Jeff Halliburton,23.0,2TM,SG,55.0,0.0,14.3,3.1,7.2,0.434,1.3,1.6,0.807,2.0,1.7,1.9,7.5,
1972-73,112.0,Jeff Halliburton,23.0,ATL,SG,24.0,,9.9,2.1,4.8,0.431,0.9,0.9,0.955,1.1,1.2,1.2,5.0,
1972-73,112.0,Jeff Halliburton,23.0,PHI,SG,31.0,0.0,17.7,3.9,9.0,0.436,1.6,2.1,0.758,2.6,2.2,2.5,9.5,
1972-73,113.0,Pat Riley,27.0,LAL,SG,55.0,,14.6,3.0,7.1,0.428,1.2,1.5,0.793,1.2,1.5,2.3,7.3,
1972-73,114.0,Fred Hilton,25.0,BUF,SG,59.0,,12.4,3.2,8.4,0.387,0.7,0.9,0.774,1.7,1.3,1.7,7.2,
1972-73,115.0,Greg Smith,26.0,2TM,SF,76.0,,21.2,3.1,6.4,0.482,1.0,1.7,0.586,5.0,1.6,2.9,7.1,
1972-73,115.0,Greg Smith,26.0,HOU,SF,4.0,,10.3,1.3,4.0,0.313,0.0,0.0,,2.0,1.3,2.0,2.5,
1972-73,115.0,Greg Smith,26.0,POR,SF,72.0,,21.8,3.2,6.5,0.488,1.0,1.8,0.586,5.2,1.6,2.9,7.4,
1972-73,116.0,Johnny Green,39.0,KCO,PF,66.0,,18.9,2.9,4.8,0.599,1.3,2.0,0.679,5.5,0.9,2.8,7.1,
1972-73,117.0,Mo Layton,24.0,PHO,SG,65.0,,15.2,2.9,6.7,0.431,1.4,1.8,0.756,1.2,2.1,2.0,7.1,
1972-73,118.0,Flynn Robinson,31.0,2TM,SG,44.0,,14.3,3.0,6.5,0.462,0.7,0.9,0.821,1.4,1.9,1.6,6.8,
1972-73,118.0,Flynn Robinson,31.0,LAL,SG,6.0,,7.8,2.3,4.7,0.5,1.0,1.3,0.75,1.2,1.3,1.8,5.7,
1972-73,118.0,Flynn Robinson,31.0,BAL,SG,38.0,,15.3,3.1,6.8,0.458,0.7,0.8,0.839,1.4,2.0,1.6,6.9,
1972-73,119.0,Lamar Green,25.0,PHO,PF,80.0,,25.6,2.8,6.5,0.431,1.1,1.5,0.754,9.3,1.1,3.3,6.7,
1972-73,120.0,Rick Adelman,26.0,POR,PG,76.0,,24.0,2.8,6.9,0.408,1.0,1.3,0.716,2.1,3.9,2.0,6.6,
1972-73,121.0,Butch Beard,25.0,SEA,PG,73.0,,19.2,2.6,6.0,0.439,1.4,1.9,0.714,2.4,3.4,1.9,6.6,
1972-73,122.0,Kevin Porter,22.0,BAL,PG,71.0,,17.1,2.9,6.4,0.455,0.9,1.4,0.614,1.0,3.3,2.9,6.6,
1972-73,123.0,Lee Winfield,25.0,SEA,PG,53.0,,20.0,2.7,6.3,0.431,1.2,2.0,0.574,2.4,3.5,1.7,6.6,
1972-73,124.0,Steve Bracey,22.0,ATL,PG,70.0,,15.0,2.7,5.6,0.486,1.0,1.6,0.664,1.5,1.8,1.8,6.5,
1972-73,125.0,Barry Clemens,29.0,CLE,SF,72.0,,15.5,2.9,5.6,0.516,0.7,0.9,0.779,2.9,1.6,1.9,6.5,
1972-73,126.0,Chris Ford,24.0,DET,SG,74.0,,20.8,2.8,5.9,0.479,0.8,1.3,0.645,3.6,2.6,1.8,6.4,ROY-3
1972-73,127.0,Stan Love,23.0,BAL,PF,72.0,,13.8,2.6,6.1,0.436,1.1,1.4,0.79,4.2,0.6,2.4,6.4,
1972-73,128.0,Jim Price,23.0,LAL,PG,59.0,,14.0,2.7,6.1,0.44,1.0,1.2,0.822,1.9,1.6,2.0,6.4,ROY-4
1972-73,129.0,Joe Ellis,28.0,GSW,PF,74.0,,14.2,2.7,6.6,0.409,0.9,1.3,0.742,3.8,1.2,1.9,6.3,
1972-73,130.0,Clyde Lee,28.0,GSW,PF,66.0,,22.4,2.6,5.5,0.466,1.1,2.0,0.565,9.1,0.5,2.8,6.3,
1972-73,131.0,Bud Stallworth,23.0,SEA,SF,77.0,,15.9,2.6,6.8,0.379,1.1,1.5,0.754,2.9,0.8,1.8,6.3,ROY-5
1972-73,132.0,Terry Dischinger,32.0,POR,SF,63.0,,15.4,2.6,5.4,0.476,1.0,1.5,0.667,3.0,1.6,2.0,6.1,
1972-73,133.0,Howard Komives,31.0,BUF,PG,67.0,,21.9,2.4,6.4,0.38,1.3,1.5,0.867,1.8,3.6,2.3,6.1,
1972-73,134.0,Corky Calhoun,22.0,PHO,SF,82.0,,24.7,2.6,5.5,0.469,0.9,1.2,0.74,4.1,0.9,2.6,6.0,
1972-73,135.0,Dave Stallworth,31.0,BAL,SF,73.0,,16.7,2.5,6.0,0.414,1.1,1.4,0.772,3.2,1.5,1.9,6.0,
1972-73,136.0,Ron Williams,28.0,GSW,PG,73.0,,13.9,2.5,5.6,0.44,1.0,1.1,0.904,1.1,1.6,1.5,6.0,
1972-73,137.0,Larry Steele,23.0,POR,SG,66.0,,19.7,2.4,5.0,0.483,1.1,1.3,0.798,2.3,2.4,2.7,5.9,
1972-73,138.0,Jim Cleamons,23.0,CLE,PG,80.0,,17.4,2.4,5.3,0.454,0.9,1.3,0.743,2.1,2.6,1.4,5.7,
1972-73,139.0,Dean Meminger,24.0,NYK,SG,80.0,8.0,18.2,2.4,4.6,0.515,1.0,1.6,0.628,2.9,1.7,1.4,5.7,
1972-73,140.0,Cornell Warner,24.0,2TM,C,72.0,,19.0,2.4,5.8,0.413,0.8,1.3,0.656,7.3,1.0,2.5,5.7,
1972-73,140.0,Cornell Warner,24.0,BUF,C,4.0,,11.8,2.0,4.3,0.471,0.3,0.5,0.5,3.8,1.5,1.5,4.3,
1972-73,140.0,Cornell Warner,24.0,CLE,C,68.0,,19.5,2.4,5.9,0.411,0.9,1.3,0.659,7.5,1.0,2.5,5.7,
1972-73,141.0,Hal Greer,36.0,PHI,PG,38.0,17.0,22.3,2.4,6.1,0.392,0.8,1.0,0.821,2.8,2.9,2.0,5.6,
1972-73,142.0,Jim McDaniels,24.0,SEA,C,68.0,,16.1,2.3,5.7,0.399,1.0,1.5,0.7,5.1,1.1,2.1,5.6,
1972-73,143.0,Dave Sorenson,24.0,2TM,PF,58.0,0.0,13.0,2.1,5.1,0.423,1.1,1.6,0.711,3.6,0.6,1.8,5.4,
1972-73,143.0,Dave Sorenson,24.0,CLE,PF,10.0,,12.9,1.1,4.5,0.244,0.5,1.1,0.455,3.7,0.5,1.6,2.7,
1972-73,143.0,Dave Sorenson,24.0,PHI,PF,48.0,0.0,13.0,2.4,5.2,0.456,1.2,1.6,0.747,3.6,0.6,1.9,5.9,
1972-73,144.0,Terry Driscoll,25.0,2TM,C,60.0,,16.1,2.3,5.5,0.428,0.7,1.0,0.694,5.0,0.9,2.4,5.4,
1972-73,144.0,Terry Driscoll,25.0,BAL,PF,1.0,,5.0,0.0,1.0,0.0,0.0,0.0,,3.0,0.0,1.0,0.0,
1972-73,144.0,Terry Driscoll,25.0,MIL,C,59.0,,16.3,2.4,5.5,0.429,0.7,1.1,0.694,5.0,0.9,2.4,5.5,
1972-73,145.0,Charles Johnson,23.0,GSW,SG,70.0,,12.7,2.4,5.7,0.428,0.5,0.7,0.717,1.9,1.7,1.5,5.4,
1972-73,146.0,Dale Schlueter,27.0,PHI,C,78.0,10.0,14.6,2.1,4.1,0.524,1.1,1.6,0.699,4.5,1.3,2.1,5.4,
1972-73,147.0,Mickey Davis,22.0,MIL,SF,74.0,,14.1,2.1,4.7,0.438,1.0,1.2,0.826,3.1,1.0,1.6,5.1,
1972-73,148.0,Howard Porter,24.0,CHI,PF,43.0,0.0,9.5,2.3,5.0,0.452,0.5,0.7,0.759,2.7,0.4,1.2,5.1,
1972-73,149.0,Mike Price,24.0,PHI,SG,57.0,5.0,13.2,2.2,5.3,0.415,0.7,0.8,0.809,2.1,1.2,1.9,5.1,
1972-73,150.0,Wali Jones,30.0,MIL,SG,27.0,,15.5,2.2,5.4,0.407,0.6,0.7,0.889,1.1,2.1,1.4,5.0,
1972-73,151.0,Walt Hazzard,30.0,2TM,PG,55.0,,13.9,1.9,4.7,0.418,0.9,1.0,0.825,1.6,2.3,2.0,4.7,
1972-73,151.0,Walt Hazzard,30.0,BUF,PG,9.0,,14.9,2.8,6.7,0.417,0.3,0.7,0.5,1.1,1.9,2.1,5.9,
1972-73,151.0,Walt Hazzard,30.0,GSW,PG,46.0,,13.7,1.8,4.3,0.418,1.0,1.1,0.863,1.7,2.4,2.0,4.5,
1972-73,152.0,Bill Hewitt,28.0,BUF,PF,73.0,,18.2,2.1,5.0,0.418,0.6,1.0,0.554,5.0,1.5,2.1,4.7,
1972-73,153.0,Kenny McIntosh,24.0,2TM,SF,59.0,0.0,19.3,1.9,5.8,0.337,0.7,1.1,0.597,3.9,0.9,1.7,4.6,
1972-73,153.0,Kenny McIntosh,24.0,CHI,SF,3.0,0.0,11.0,2.7,4.3,0.615,0.0,0.7,0.0,3.0,0.3,1.3,5.3,
1972-73,153.0,Kenny McIntosh,24.0,SEA,SF,56.0,,19.7,1.9,5.9,0.326,0.7,1.2,0.615,4.0,0.9,1.8,4.5,
1972-73,154.0,Mel Counts,31.0,2TM,C,66.0,0.0,10.0,2.0,4.5,0.449,0.6,0.9,0.672,3.8,1.0,1.6,4.6,
1972-73,154.0,Mel Counts,31.0,PHI,C,7.0,0.0,6.7,0.7,2.3,0.313,0.0,0.0,,2.3,0.4,1.1,1.4,
1972-73,154.0,Mel Counts,31.0,LAL,C,59.0,,10.4,2.2,4.7,0.457,0.7,1.0,0.672,4.0,1.1,1.7,5.0,
1972-73,155.0,Dennis Awtrey,24.0,2TM,C,82.0,34.0,20.6,1.8,3.7,0.479,1.0,1.9,0.562,5.5,2.7,2.9,4.6,
1972-73,155.0,Dennis Awtrey,24.0,PHI,C,3.0,2.0,12.3,1.0,2.3,0.429,0.3,1.3,0.25,4.7,0.7,2.7,2.3,
1972-73,155.0,Dennis Awtrey,24.0,CHI,C,79.0,32.0,20.9,1.8,3.8,0.48,1.1,1.9,0.57,5.5,2.8,2.9,4.7,
1972-73,156.0,Jim Davis,31.0,DET,C,73.0,,10.6,1.8,3.5,0.51,1.0,1.6,0.632,3.6,0.8,1.7,4.6,
1972-73,157.0,Paul McCracken,22.0,HOU,SG,24.0,,12.7,1.8,3.7,0.494,1.0,1.6,0.59,2.1,0.7,1.3,4.6,
1972-73,158.0,Steve Kuberski,25.0,BOS,SF,78.0,,9.8,1.8,4.4,0.403,0.8,1.1,0.774,2.5,0.3,1.2,4.4,
1972-73,159.0,LaRue Martin,22.0,POR,C,77.0,,12.9,1.9,4.8,0.396,0.6,1.0,0.649,4.6,0.5,2.1,4.4,
1972-73,160.0,Henry Bibby,23.0,NYK,PG,55.0,0.0,8.6,1.4,3.7,0.38,1.3,1.6,0.849,1.5,1.2,1.2,4.2,
1972-73,161.0,Bob Christian,26.0,ATL,C,55.0,,13.8,1.5,2.8,0.548,1.1,1.4,0.759,5.5,0.9,2.0,4.2,
1972-73,162.0,Jim King,31.0,CHI,SG,65.0,1.0,12.1,1.8,4.0,0.441,0.7,0.8,0.846,1.2,1.2,1.2,4.2,
1972-73,163.0,Mike Ratliff,21.0,KCO,C,58.0,,11.7,1.7,4.1,0.417,0.8,1.4,0.536,3.3,0.7,1.9,4.2,
1972-73,164.0,Paul Westphal,22.0,BOS,SG,60.0,,8.0,1.5,3.5,0.42,1.1,1.4,0.779,1.1,1.2,1.5,4.1,
1972-73,165.0,Joby Wright,22.0,SEA,PF,77.0,,12.1,1.7,3.6,0.478,0.5,1.2,0.416,2.8,0.5,2.1,3.9,
1972-73,166.0,Stan McKenzie,28.0,2TM,SF,33.0,,8.9,1.5,3.6,0.403,0.9,1.1,0.811,1.7,0.7,1.3,3.8,
1972-73,166.0,Stan McKenzie,28.0,POR,SG,7.0,,15.3,1.9,5.1,0.361,2.0,2.3,0.875,3.0,1.1,2.1,5.7,
1972-73,166.0,Stan McKenzie,28.0,HOU,SF,26.0,,7.2,1.3,3.2,0.422,0.6,0.8,0.762,1.3,0.6,1.1,3.3,
1972-73,167.0,Dick Barnett,36.0,NYK,SG,51.0,4.0,10.1,1.7,4.4,0.389,0.3,0.6,0.533,0.8,1.0,1.0,3.8,
1972-73,168.0,Tom Boerwinkle,27.0,CHI,C,8.0,0.0,22.0,1.1,3.0,0.375,1.5,2.5,0.6,6.8,5.0,2.8,3.8,
1972-73,169.0,Travis Grant,23.0,LAL,SF,33.0,,4.6,1.5,3.5,0.44,0.7,0.8,0.885,1.6,0.2,0.6,3.8,
1972-73,170.0,John Tresvant,33.0,BAL,PF,55.0,,9.8,1.5,3.3,0.467,0.7,1.1,0.695,2.8,0.6,1.8,3.8,
1972-73,171.0,Rowland Garrett,22.0,CHI,SF,35.0,0.0,6.0,1.5,3.4,0.441,0.6,0.9,0.677,1.7,0.2,0.8,3.6,
1972-73,172.0,John Gianelli,22.0,NYK,C,52.0,1.0,9.9,1.5,3.4,0.451,0.4,0.6,0.697,2.9,0.5,1.4,3.5,
1972-73,173.0,Toby Kimball,30.0,KCO,PF,67.0,,9.6,1.4,3.3,0.436,0.7,1.0,0.657,2.9,0.4,1.3,3.5,
1972-73,174.0,John Wetzel,28.0,ATL,SG,28.0,,18.0,1.5,3.4,0.447,0.5,0.6,0.824,2.1,1.4,1.5,3.5,
1972-73,175.0,Scott English,22.0,PHO,SF,29.0,,6.8,1.2,3.2,0.387,0.7,1.0,0.724,1.5,0.5,1.3,3.2,
1972-73,176.0,Frank Russell,23.0,CHI,SG,23.0,0.0,5.7,1.3,3.3,0.377,0.7,0.8,0.889,0.7,0.7,0.5,3.2,
1972-73,177.0,John Warren,25.0,CLE,SG,40.0,,7.3,1.4,2.8,0.486,0.5,0.5,0.947,1.1,0.9,1.1,3.2,
1972-73,178.0,Walt Wesley,28.0,2TM,C,57.0,,8.3,1.4,3.5,0.381,0.5,0.8,0.565,2.6,0.5,1.4,3.2,
1972-73,178.0,Walt Wesley,28.0,CLE,C,12.0,,9.2,1.2,3.9,0.298,0.7,1.0,0.667,3.2,0.6,1.8,3.0,
1972-73,178.0,Walt Wesley,28.0,PHO,C,45.0,,8.1,1.4,3.4,0.406,0.4,0.8,0.529,2.5,0.5,1.2,3.2,
1972-73,179.0,Art Williams,33.0,BOS,PG,81.0,,12.0,1.4,3.2,0.421,0.5,0.7,0.768,2.2,2.9,1.7,3.2,
1972-73,180.0,Harold Fox,23.0,BUF,PG,10.0,,8.4,1.2,3.2,0.375,0.7,0.8,0.875,0.8,1.0,0.7,3.1,
1972-73,181.0,Dick Gibbs,24.0,2TM,SF,67.0,,11.0,1.2,3.3,0.36,0.7,0.9,0.746,1.4,0.9,1.7,3.1,
1972-73,181.0,Dick Gibbs,24.0,HOU,SF,1.0,,2.0,0.0,1.0,0.0,0.0,0.0,,0.0,1.0,1.0,0.0,
1972-73,181.0,Dick Gibbs,24.0,KCO,SF,66.0,,11.1,1.2,3.3,0.362,0.7,1.0,0.746,1.4,0.9,1.7,3.1,
1972-73,182.0,Gary Gregor,27.0,MIL,SF,9.0,,9.8,1.2,3.7,0.333,0.6,0.8,0.714,3.6,1.0,1.0,3.0,
1972-73,183.0,Paul Stovall,24.0,PHO,SF,25.0,,8.4,1.0,3.0,0.342,1.0,1.5,0.632,2.4,0.5,1.5,3.0,
1972-73,184.0,John Tschogl,22.0,ATL,SF,10.0,,9.4,1.4,4.0,0.35,0.2,0.4,0.5,2.1,0.6,2.5,3.0,
1972-73,185.0,William Smith,23.0,POR,C,8.0,,5.4,1.1,1.9,0.6,0.6,1.0,0.625,1.0,0.1,1.0,2.9,
1972-73,186.0,Charles Dudley,22.0,SEA,PG,12.0,,8.3,0.8,1.9,0.435,1.2,1.3,0.875,0.5,1.3,1.3,2.8,
1972-73,187.0,Ken Durrett,24.0,KCO,SF,8.0,,8.1,1.0,2.6,0.381,0.8,1.0,0.75,1.8,0.4,2.0,2.8,
1972-73,188.0,Russ Lee,23.0,MIL,SF,46.0,,6.0,1.1,2.8,0.386,0.7,0.9,0.744,0.9,0.8,0.8,2.8,
1972-73,189.0,Eddie Mast,24.0,ATL,PF,42.0,,10.6,1.2,2.8,0.424,0.5,0.7,0.633,3.2,0.9,1.2,2.8,
1972-73,190.0,Steve Patterson,24.0,CLE,C,62.0,,11.5,1.1,3.2,0.359,0.5,1.0,0.523,3.7,0.8,1.3,2.8,
1972-73,191.0,Bob Rule,28.0,2TM,C,52.0,0.0,8.7,1.2,3.0,0.38,0.4,0.6,0.645,2.1,0.7,1.3,2.7,
1972-73,191.0,Bob Rule,28.0,PHI,C,3.0,0.0,4.0,0.0,0.3,0.0,0.0,0.0,,0.7,0.3,0.7,0.0,
1972-73,191.0,Bob Rule,28.0,CLE,C,49.0,,9.0,1.2,3.2,0.382,0.4,0.6,0.645,2.2,0.8,1.3,2.9,
1972-73,192.0,Bob Portman,25.0,GSW,SF,32.0,,5.5,1.0,2.2,0.457,0.6,0.8,0.769,1.6,0.2,0.5,2.6,
1972-73,193.0,Justus Thigpen,25.0,DET,SG,18.0,,5.5,1.3,3.2,0.404,0.0,0.0,,0.5,0.4,1.0,2.6,
1972-73,194.0,Tom Riker,22.0,NYK,C,14.0,0.0,4.6,0.7,1.7,0.417,1.1,1.7,0.625,1.1,0.1,1.1,2.5,
1972-73,195.0,Hank Finkel,30.0,BOS,C,76.0,,6.5,1.0,2.3,0.451,0.4,0.7,0.538,2.0,0.3,1.1,2.4,
1972-73,196.0,Tom Patterson,24.0,BAL,PF,23.0,,4.0,0.9,2.1,0.429,0.6,0.7,0.813,1.0,0.1,0.8,2.4,
1972-73,197.0,Sam Sibert,23.0,KCO,PF,5.0,,5.2,0.8,2.6,0.308,0.8,1.0,0.8,0.8,0.0,0.8,2.4,
1972-73,198.0,George Johnson,25.0,HOU,C,19.0,,8.9,1.1,2.1,0.513,0.2,0.2,0.75,2.4,0.2,1.7,2.3,
1972-73,199.0,Dick Cunningham,26.0,MIL,C,72.0,,9.6,0.9,2.2,0.41,0.4,0.7,0.58,2.9,0.5,1.3,2.2,
1972-73,200.0,Eric McWilliams,22.0,HOU,PF,44.0,,5.6,0.8,2.2,0.347,0.4,0.8,0.486,1.4,0.1,1.0,2.0,
1972-73,201.0,Tom Sanders,34.0,BOS,SF,59.0,,7.2,0.8,2.5,0.315,0.4,0.6,0.657,1.5,0.5,1.4,2.0,
1972-73,202.0,Bill Turner,28.0,2TM,PF,21.0,,6.0,0.9,2.8,0.328,0.2,0.3,0.571,1.3,0.5,0.8,2.0,
1972-73,202.0,Bill Turner,28.0,POR,PF,2.0,,4.0,1.0,3.0,0.333,0.0,0.0,,1.0,0.0,1.5,2.0,
1972-73,202.0,Bill Turner,28.0,LAL,PF,19.0,,6.2,0.9,2.7,0.327,0.2,0.4,0.571,1.3,0.6,0.7,2.0,
1972-73,203.0,Chuck Terry,22.0,MIL,SF,67.0,,10.3,0.8,2.4,0.34,0.3,0.4,0.708,2.2,0.6,1.7,1.9,
1972-73,204.0,Bob Davis,22.0,POR,SF,9.0,,4.6,0.7,3.1,0.214,0.4,0.7,0.667,0.6,0.2,0.6,1.8,
1972-73,205.0,George Johnson,24.0,GSW,C,56.0,,6.2,0.7,1.8,0.41,0.1,0.3,0.412,2.5,0.1,0.7,1.6,
1972-73,206.0,Harthorne Wingo,25.0,NYK,PF,13.0,0.0,4.5,0.7,1.7,0.409,0.2,0.5,0.333,1.2,0.1,0.7,1.5,
1972-73,207.0,Mark Minor,22.0,BOS,SF,4.0,,5.0,0.3,1.0,0.25,0.8,1.0,0.75,1.0,0.5,1.3,1.3,
1972-73,208.0,Bob Nash,22.0,DET,SF,36.0,,4.7,0.4,2.0,0.222,0.3,0.5,0.647,0.9,0.4,0.8,1.2,
1972-73,209.0,Erwin Mueller,28.0,DET,PF,21.0,,3.8,0.4,1.5,0.29,0.2,0.3,0.714,0.7,0.3,0.6,1.1,
1972-73,210.0,Frank Schade,23.0,KCO,PG,9.0,,8.4,0.2,0.8,0.286,0.7,0.7,1.0,0.7,1.1,1.3,1.1,
1972-73,211.0,Roger Brown,22.0,LAL,C,1.0,,5.0,0.0,0.0,,1.0,3.0,0.333,0.0,0.0,1.0,1.0,
1972-73,212.0,Pete Cross,24.0,2TM,C,29.0,,5.4,0.2,0.9,0.24,0.3,0.6,0.444,2.1,0.4,1.0,0.7,
1972-73,212.0,Pete Cross,24.0,KCO,C,3.0,,8.0,0.0,1.3,0.0,0.0,0.0,,1.3,0.0,1.7,0.0,
1972-73,212.0,Pete Cross,24.0,SEA,C,26.0,,5.1,0.2,0.8,0.286,0.3,0.7,0.444,2.2,0.4,0.9,0.8,
1972-73,213.0,Luther Green,26.0,PHI,PF,5.0,0.0,6.4,0.0,2.2,0.0,0.6,1.8,0.333,0.6,0.0,0.6,0.6,
1972-73,214.0,Harvey Marlatt,24.0,DET,SG,7.0,,3.7,0.3,0.6,0.5,0.0,0.0,,0.1,0.6,0.1,0.6,
1972-73,215.0,Luther Rackley,26.0,NYK,C,1.0,0.0,2.0,0.0,0.0,,0.0,0.0,,1.0,0.0,2.0,0.0,
1972-73,,League Average,,,,,,,,,0.456,,,0.758,,,,,
